[,C,],1,(,c,2,),n,3,=,O,H,Cr,4,5,6,N,@,#,.,Cu,F,Zn,/,\,V,7,Br,S,8,9,%,0,I,Ni,Cl,-,P,Ba
-0.32714927,0.28408498,-0.20095053,2.0996692,1.5872461,4.4968853,1.1747204,1.1764218,3.86241,1.9048278,0.35256392,1.0296752,-1.5587261,2.9840803,2.5654447,3.8114102,4.5956993,0.42997387,2.4064271,1.0795279,-3.6190438,0.914442,-0.025690269,1.2232162,-0.70015454,-1.2683127,-0.68736684,4.4205427,0.3587672,0.24065095,4.1231937,4.1428795,4.7844453,4.3663917,0.09662061,1.029269,0.10079979,4.753753,0.68708825,0.23869592
-1.1122682,-0.87701774,-0.85734516,1.4214119,0.63037497,2.0456958,0.6738557,-0.21131386,0.612513,1.6084151,-1.4451953,0.57377636,-1.6571617,5.1050997,2.482552,4.871625,6.3250027,-1.1998465,6.75583,0.8729827,-5.4388227,0.93057173,-4.5083804,2.0390325,-4.5508385,-5.5707946,-3.3688748,6.392739,-3.6604598,0.6565053,6.2620807,6.1443,7.2029705,6.888592,-3.404835,1.8947159,-5.0751276,2.9749293,3.8616068,3.9852035
-0.74493873,0.85665685,-0.7592038,2.8528776,2.3590894,8.057288,1.1147722,2.486833,8.065539,1.8565059,1.9806577,0.866952,-3.749745,-0.494635,2.2893875,2.13979,1.8737113,1.7837876,-4.8944483,0.5633053,-4.9676585,-0.2720808,5.007149,-0.69063944,3.2930553,3.042556,1.6187726,1.3486388,4.8783364,-1.6202046,0.709192,1.0158631,1.0349079,0.23858362,3.7957208,-1.0374603,6.0025487,6.628879,-4.9106274,-7.6030912
