O,1,/,C,(,=,\,[,],H,),Zn,2,3,N,.,c,4,5,V,F,Br,Cu,@,Ba,P,Ni,6,n,#,Cl,I,Cr,7,8,9,%,0,S,-
-2.137174,-5.0669217,2.1786785,-0.6644673,-3.566404,-0.97098005,3.616213,0.8179609,0.69866645,3.9145155,-2.530323,-2.1933882,-2.267747,-4.325716,-1.0906756,9.569484,-10.701431,-6.2029204,-9.190178,1.8561844,-0.17382343,-0.50582147,-2.5674157,-5.7619066,-1.5293801,-2.315919,-3.2011917,-10.816581,-10.740865,-2.3008235,0.21395154,0.54037946,-6.582105,-10.466361,-9.811011,-9.502381,-11.912055,-10.8804035,-0.67035204,-9.379538
0.68927246,3.9150684,9.327671,1.5826485,2.9956458,3.9284759,9.45856,-1.2999868,-1.4302493,-6.5928116,3.397527,-0.9443172,0.6235935,1.4722017,2.5714483,-7.765404,11.706364,1.5591716,-1.7152616,2.9459186,10.9488,8.110017,0.79567957,-14.448349,-16.993387,-13.1713505,-3.7065167,-3.4499834,10.272804,-0.33707163,10.229891,8.766758,-6.236018,-4.36382,-4.7435374,-4.518802,-4.196133,-4.627317,-3.0767035,10.33932
-1.3173206,-3.7373676,0.9750662,-0.350981,-2.543999,-0.8053248,2.0485125,1.0085983,0.92790455,3.785971,-1.8549331,-1.2089332,-1.421243,-2.938422,-0.7487227,8.141329,-8.373932,-4.259337,-6.0394287,1.3340349,-0.81884676,-0.78819287,-1.5785447,-2.3217773,1.085194,-0.10793147,-1.6569688,-6.9502335,-8.183259,-1.3274282,-0.46238592,-0.11261351,-3.7612443,-6.614655,-6.127002,-5.961987,-7.6142817,-6.8508854,0.097360864,-7.2247367
